{"initial_reset_timestamp": 1626822544.657967, "timestamps": [1626822547.005703, 1626822548.5322502, 1626822548.6405575, 1626822548.6809256, 1626822548.719822, 1626822548.7615542, 1626822548.8034203, 1626822548.845866, 1626822550.2870612, 1626822550.3694854, 1626822550.4171367, 1626822550.4606726, 1626822550.5029848, 1626822550.5461533, 1626822550.5879836, 1626822550.6288207, 1626822550.672115, 1626822550.7150943, 1626822550.756939, 1626822550.798446, 1626822550.8402848, 1626822550.8841114, 1626822550.923602, 1626822550.9665987, 1626822551.0076191, 1626822551.0507731, 1626822551.09208, 1626822552.5058205, 1626822552.5927832, 1626822552.6340873, 1626822552.6757002, 1626822552.7171574, 1626822552.757565, 1626822552.7968712, 1626822552.8436785, 1626822552.8917856, 1626822552.933272, 1626822552.9734476, 1626822553.0145628, 1626822553.0564716, 1626822553.0979066, 1626822553.1379323, 1626822553.1806812, 1626822553.2221484, 1626822553.254772, 1626822553.296728, 1626822553.3354921, 1626822553.377619, 1626822553.410597, 1626822553.450163, 1626822553.489038, 1626822553.5298762, 1626822553.5729084, 1626822553.599605, 1626822553.6401846, 1626822553.6830883, 1626822553.7318628, 1626822553.7774396, 1626822553.8177419, 1626822553.8515308, 1626822553.8925917, 1626822553.9355748, 1626822553.9761834, 1626822554.0188298, 1626822555.4756966, 1626822555.5559793, 1626822555.5975711, 1626822555.6379082, 1626822555.6805642, 1626822555.7200844, 1626822555.7638328, 1626822555.8126194, 1626822555.8527303, 1626822555.8937845, 1626822555.935117, 1626822555.9747477, 1626822556.0146315, 1626822556.0557988, 1626822556.0956216, 1626822556.1361141, 1626822556.1771967, 1626822556.217408, 1626822556.2575662, 1626822556.2974083, 1626822556.3372912, 1626822556.3793774, 1626822556.4206195, 1626822556.462293, 1626822556.503701, 1626822556.5456834, 1626822556.5862255, 1626822556.6268766, 1626822556.6668353, 1626822556.6949065, 1626822556.7363286, 1626822556.7754169, 1626822556.814562, 1626822556.8555846, 1626822556.8953488, 1626822556.936147], "episode_lengths": [200, 200, 200, 200, 200, 200, 200, 200, 200, 200, 200, 200, 200, 200, 200, 200, 200, 200, 200, 200, 200, 200, 200, 200, 192, 200, 200, 200, 200, 200, 200, 200, 200, 200, 200, 200, 200, 200, 200, 200, 200, 200, 200, 200, 161, 200, 200, 200, 161, 200, 200, 200, 200, 128, 200, 200, 200, 200, 200, 167, 200, 200, 200, 200, 200, 200, 200, 200, 200, 200, 200, 200, 200, 200, 200, 200, 200, 200, 200, 200, 200, 200, 200, 200, 200, 200, 200, 200, 200, 200, 200, 200, 200, 127, 200, 200, 200, 200, 200, 200], "episode_rewards": [200.0, 200.0, 200.0, 200.0, 200.0, 200.0, 200.0, 200.0, 200.0, 200.0, 200.0, 200.0, 200.0, 200.0, 200.0, 200.0, 200.0, 200.0, 200.0, 200.0, 200.0, 200.0, 200.0, 200.0, 192.0, 200.0, 200.0, 200.0, 200.0, 200.0, 200.0, 200.0, 200.0, 200.0, 200.0, 200.0, 200.0, 200.0, 200.0, 200.0, 200.0, 200.0, 200.0, 200.0, 161.0, 200.0, 200.0, 200.0, 161.0, 200.0, 200.0, 200.0, 200.0, 128.0, 200.0, 200.0, 200.0, 200.0, 200.0, 167.0, 200.0, 200.0, 200.0, 200.0, 200.0, 200.0, 200.0, 200.0, 200.0, 200.0, 200.0, 200.0, 200.0, 200.0, 200.0, 200.0, 200.0, 200.0, 200.0, 200.0, 200.0, 200.0, 200.0, 200.0, 200.0, 200.0, 200.0, 200.0, 200.0, 200.0, 200.0, 200.0, 200.0, 127.0, 200.0, 200.0, 200.0, 200.0, 200.0, 200.0], "episode_types": ["t", "t", "t", "t", "t", "t", "t", "t", "t", "t", "t", "t", "t", "t", "t", "t", "t", "t", "t", "t", "t", "t", "t", "t", "t", "t", "t", "t", "t", "t", "t", "t", "t", "t", "t", "t", "t", "t", "t", "t", "t", "t", "t", "t", "t", "t", "t", "t", "t", "t", "t", "t", "t", "t", "t", "t", "t", "t", "t", "t", "t", "t", "t", "t", "t", "t", "t", "t", "t", "t", "t", "t", "t", "t", "t", "t", "t", "t", "t", "t", "t", "t", "t", "t", "t", "t", "t", "t", "t", "t", "t", "t", "t", "t", "t", "t", "t", "t", "t", "t"]}